[{"model": "admin.logentry", "pk": 5, "fields": {"action_time": "2023-11-11T22:50:37.406Z", "user": 7, "content_type": 11, "object_id": "6", "object_repr": "shievanov@bk.ru", "action_flag": 3, "change_message": ""}}, {"model": "admin.logentry", "pk": 6, "fields": {"action_time": "2023-11-11T22:55:59.575Z", "user": 7, "content_type": 11, "object_id": "8", "object_repr": "shievanov@bk.ru", "action_flag": 2, "change_message": "[{\"changed\": {\"fields\": [\"Active\"]}}]"}}, {"model": "admin.logentry", "pk": 7, "fields": {"action_time": "2023-11-11T22:56:57.320Z", "user": 7, "content_type": 11, "object_id": "8", "object_repr": "shievanov@bk.ru", "action_flag": 3, "change_message": ""}}, {"model": "admin.logentry", "pk": 8, "fields": {"action_time": "2023-11-11T23:15:46.614Z", "user": 7, "content_type": 11, "object_id": "9", "object_repr": "shievanov@bk.ru", "action_flag": 3, "change_message": ""}}, {"model": "admin.logentry", "pk": 9, "fields": {"action_time": "2023-11-11T23:40:52.713Z", "user": 7, "content_type": 11, "object_id": "10", "object_repr": "shievanov@bk.ru", "action_flag": 3, "change_message": ""}}, {"model": "admin.logentry", "pk": 10, "fields": {"action_time": "2023-11-12T00:36:48.254Z", "user": 7, "content_type": 11, "object_id": "11", "object_repr": "shievanov@bk.ru", "action_flag": 3, "change_message": ""}}, {"model": "admin.logentry", "pk": 11, "fields": {"action_time": "2023-11-12T00:37:54.295Z", "user": 7, "content_type": 11, "object_id": "12", "object_repr": "shievanov@bk.ru", "action_flag": 3, "change_message": ""}}, {"model": "admin.logentry", "pk": 12, "fields": {"action_time": "2023-11-12T00:38:44.863Z", "user": 7, "content_type": 11, "object_id": "13", "object_repr": "shievanov@bk.ru", "action_flag": 3, "change_message": ""}}, {"model": "admin.logentry", "pk": 13, "fields": {"action_time": "2023-11-12T00:43:00.501Z", "user": 7, "content_type": 11, "object_id": "14", "object_repr": "shievanov@bk.ru", "action_flag": 3, "change_message": ""}}, {"model": "admin.logentry", "pk": 14, "fields": {"action_time": "2023-11-12T00:44:47.206Z", "user": 7, "content_type": 11, "object_id": "15", "object_repr": "shievanov@bk.ru", "action_flag": 3, "change_message": ""}}, {"model": "admin.logentry", "pk": 15, "fields": {"action_time": "2023-11-12T00:49:32.340Z", "user": 7, "content_type": 11, "object_id": "16", "object_repr": "shievanov@bk.ru", "action_flag": 3, "change_message": ""}}, {"model": "admin.logentry", "pk": 16, "fields": {"action_time": "2023-11-12T00:51:02.723Z", "user": 7, "content_type": 11, "object_id": "17", "object_repr": "shievanov@bk.ru", "action_flag": 3, "change_message": ""}}, {"model": "admin.logentry", "pk": 17, "fields": {"action_time": "2023-11-12T00:52:27.155Z", "user": 7, "content_type": 11, "object_id": "18", "object_repr": "shievanov@bk.ru", "action_flag": 3, "change_message": ""}}, {"model": "admin.logentry", "pk": 18, "fields": {"action_time": "2023-11-12T00:53:16.219Z", "user": 7, "content_type": 11, "object_id": "19", "object_repr": "shievanov@bk.ru", "action_flag": 3, "change_message": ""}}, {"model": "admin.logentry", "pk": 19, "fields": {"action_time": "2023-11-12T00:57:04.890Z", "user": 7, "content_type": 11, "object_id": "20", "object_repr": "shievanov@bk.ru", "action_flag": 3, "change_message": ""}}, {"model": "admin.logentry", "pk": 20, "fields": {"action_time": "2023-11-12T01:01:16.048Z", "user": 7, "content_type": 11, "object_id": "21", "object_repr": "shievanov@bk.ru", "action_flag": 3, "change_message": ""}}, {"model": "admin.logentry", "pk": 21, "fields": {"action_time": "2023-11-12T01:05:15.304Z", "user": 7, "content_type": 11, "object_id": "22", "object_repr": "shievanov@bk.ru", "action_flag": 3, "change_message": ""}}, {"model": "admin.logentry", "pk": 22, "fields": {"action_time": "2023-11-12T01:06:10.583Z", "user": 7, "content_type": 11, "object_id": "23", "object_repr": "shievanov@bk.ru", "action_flag": 3, "change_message": ""}}, {"model": "admin.logentry", "pk": 23, "fields": {"action_time": "2023-11-12T01:06:35.702Z", "user": 7, "content_type": 11, "object_id": "24", "object_repr": "shievanov@bk.ru", "action_flag": 3, "change_message": ""}}, {"model": "admin.logentry", "pk": 24, "fields": {"action_time": "2023-11-12T01:08:14.313Z", "user": 7, "content_type": 11, "object_id": "25", "object_repr": "shievanov@bk.ru", "action_flag": 3, "change_message": ""}}, {"model": "admin.logentry", "pk": 25, "fields": {"action_time": "2023-11-12T01:09:51.069Z", "user": 7, "content_type": 11, "object_id": "26", "object_repr": "shievanov@bk.ru", "action_flag": 3, "change_message": ""}}, {"model": "admin.logentry", "pk": 26, "fields": {"action_time": "2023-11-12T01:10:49.022Z", "user": 7, "content_type": 11, "object_id": "27", "object_repr": "shievanov@bk.ru", "action_flag": 3, "change_message": ""}}, {"model": "admin.logentry", "pk": 27, "fields": {"action_time": "2023-11-12T01:11:20.869Z", "user": 7, "content_type": 11, "object_id": "28", "object_repr": "shievanov@bk.ru", "action_flag": 3, "change_message": ""}}, {"model": "admin.logentry", "pk": 28, "fields": {"action_time": "2023-11-12T01:13:10.485Z", "user": 7, "content_type": 11, "object_id": "29", "object_repr": "shievanov@bk.ru", "action_flag": 3, "change_message": ""}}, {"model": "admin.logentry", "pk": 29, "fields": {"action_time": "2023-11-12T01:14:10.924Z", "user": 7, "content_type": 11, "object_id": "30", "object_repr": "shievanov@bk.ru", "action_flag": 3, "change_message": ""}}, {"model": "admin.logentry", "pk": 30, "fields": {"action_time": "2023-11-12T01:15:01.933Z", "user": 7, "content_type": 11, "object_id": "31", "object_repr": "shievanov@bk.ru", "action_flag": 3, "change_message": ""}}, {"model": "admin.logentry", "pk": 31, "fields": {"action_time": "2023-11-12T01:16:05.620Z", "user": 7, "content_type": 11, "object_id": "32", "object_repr": "shievanov@bk.ru", "action_flag": 3, "change_message": ""}}, {"model": "admin.logentry", "pk": 32, "fields": {"action_time": "2023-11-12T01:17:18.036Z", "user": 7, "content_type": 11, "object_id": "33", "object_repr": "shievanov@bk.ru", "action_flag": 3, "change_message": ""}}, {"model": "admin.logentry", "pk": 33, "fields": {"action_time": "2023-11-12T01:19:58.707Z", "user": 7, "content_type": 11, "object_id": "34", "object_repr": "shievanov@bk.ru", "action_flag": 3, "change_message": ""}}, {"model": "admin.logentry", "pk": 34, "fields": {"action_time": "2023-11-12T10:49:27.085Z", "user": 7, "content_type": 11, "object_id": "35", "object_repr": "shievanov@bk.ru", "action_flag": 3, "change_message": ""}}, {"model": "admin.logentry", "pk": 35, "fields": {"action_time": "2023-11-12T10:54:51.002Z", "user": 7, "content_type": 11, "object_id": "36", "object_repr": "shievanov@bk.ru", "action_flag": 3, "change_message": ""}}, {"model": "admin.logentry", "pk": 36, "fields": {"action_time": "2023-11-12T11:06:53.558Z", "user": 7, "content_type": 11, "object_id": "37", "object_repr": "shievanov@bk.ru", "action_flag": 3, "change_message": ""}}, {"model": "admin.logentry", "pk": 37, "fields": {"action_time": "2023-11-12T11:15:22.363Z", "user": 7, "content_type": 11, "object_id": "38", "object_repr": "shievanov@bk.ru", "action_flag": 3, "change_message": ""}}, {"model": "admin.logentry", "pk": 38, "fields": {"action_time": "2023-11-12T11:18:30.249Z", "user": 7, "content_type": 11, "object_id": "39", "object_repr": "shievanov@bk.ru", "action_flag": 3, "change_message": ""}}, {"model": "admin.logentry", "pk": 39, "fields": {"action_time": "2023-11-12T11:20:01.249Z", "user": 7, "content_type": 11, "object_id": "40", "object_repr": "shievanov@bk.ru", "action_flag": 3, "change_message": ""}}, {"model": "admin.logentry", "pk": 40, "fields": {"action_time": "2023-11-12T15:21:09.795Z", "user": 7, "content_type": 3, "object_id": "1", "object_repr": "Manager", "action_flag": 1, "change_message": "[{\"added\": {}}]"}}, {"model": "admin.logentry", "pk": 41, "fields": {"action_time": "2023-11-12T15:21:29.083Z", "user": 7, "content_type": 11, "object_id": "42", "object_repr": "egor.shievanov@gmail.com", "action_flag": 2, "change_message": "[{\"changed\": {\"fields\": [\"Groups\"]}}]"}}, {"model": "admin.logentry", "pk": 42, "fields": {"action_time": "2023-11-12T18:10:55.601Z", "user": 7, "content_type": 11, "object_id": "42", "object_repr": "egor.shievanov@gmail.com", "action_flag": 2, "change_message": "[]"}}, {"model": "admin.logentry", "pk": 43, "fields": {"action_time": "2023-11-12T18:11:23.954Z", "user": 7, "content_type": 3, "object_id": "1", "object_repr": "Manager", "action_flag": 2, "change_message": "[]"}}, {"model": "admin.logentry", "pk": 44, "fields": {"action_time": "2023-11-12T18:11:41.281Z", "user": 7, "content_type": 11, "object_id": "42", "object_repr": "egor.shievanov@gmail.com", "action_flag": 2, "change_message": "[]"}}, {"model": "admin.logentry", "pk": 45, "fields": {"action_time": "2023-11-12T18:28:56.207Z", "user": 7, "content_type": 3, "object_id": "1", "object_repr": "Manager", "action_flag": 2, "change_message": "[{\"changed\": {\"fields\": [\"Permissions\"]}}]"}}, {"model": "admin.logentry", "pk": 46, "fields": {"action_time": "2023-11-12T18:44:39.758Z", "user": 7, "content_type": 11, "object_id": "42", "object_repr": "egor.shievanov@gmail.com", "action_flag": 2, "change_message": "[{\"changed\": {\"fields\": [\"Staff status\"]}}]"}}, {"model": "admin.logentry", "pk": 47, "fields": {"action_time": "2023-11-12T18:45:21.428Z", "user": 42, "content_type": 11, "object_id": "42", "object_repr": "egor.shievanov@gmail.com", "action_flag": 2, "change_message": "[{\"changed\": {\"fields\": [\"Active\"]}}]"}}, {"model": "admin.logentry", "pk": 48, "fields": {"action_time": "2023-11-12T18:45:30.856Z", "user": 7, "content_type": 11, "object_id": "42", "object_repr": "egor.shievanov@gmail.com", "action_flag": 2, "change_message": "[{\"changed\": {\"fields\": [\"Active\"]}}]"}}, {"model": "admin.logentry", "pk": 49, "fields": {"action_time": "2023-11-12T19:49:18.952Z", "user": 7, "content_type": 11, "object_id": "42", "object_repr": "egor.shievanov@gmail.com", "action_flag": 2, "change_message": "[{\"changed\": {\"fields\": [\"Active\"]}}]"}}, {"model": "admin.logentry", "pk": 50, "fields": {"action_time": "2023-11-12T20:49:16.601Z", "user": 7, "content_type": 8, "object_id": "3", "object_repr": "test (2023-11-13 14:10:00+00:00 - 2024-03-15 00:36:19+00:00)", "action_flag": 2, "change_message": "[{\"changed\": {\"fields\": [\"\\u041d\\u0430\\u0447\\u0430\\u043b\\u043e \\u0440\\u0430\\u0441\\u0441\\u044b\\u043b\\u043a\\u0438\"]}}]"}}, {"model": "admin.logentry", "pk": 51, "fields": {"action_time": "2023-11-12T23:05:16.208Z", "user": 7, "content_type": 8, "object_id": "1", "object_repr": "Распродажа 11.11 (2023-11-10 12:03:00+00:00 - 2023-11-30 12:00:00+00:00)", "action_flag": 2, "change_message": "[{\"changed\": {\"fields\": [\"\\u0421\\u043e\\u0437\\u0434\\u0430\\u0442\\u0435\\u043b\\u044c \\u0440\\u0430\\u0441\\u0441\\u044b\\u043b\\u043a\\u0438\"]}}]"}}, {"model": "admin.logentry", "pk": 52, "fields": {"action_time": "2023-11-12T23:05:24.600Z", "user": 7, "content_type": 8, "object_id": "2", "object_repr": "Зима (2023-11-01 12:00:00+00:00 - 2023-11-30 12:00:00+00:00)", "action_flag": 2, "change_message": "[{\"changed\": {\"fields\": [\"\\u0421\\u043e\\u0437\\u0434\\u0430\\u0442\\u0435\\u043b\\u044c \\u0440\\u0430\\u0441\\u0441\\u044b\\u043b\\u043a\\u0438\"]}}]"}}, {"model": "admin.logentry", "pk": 53, "fields": {"action_time": "2023-11-12T23:05:29.343Z", "user": 7, "content_type": 8, "object_id": "3", "object_repr": "test (2023-11-13 14:10:00+00:00 - 2024-03-15 00:36:19+00:00)", "action_flag": 2, "change_message": "[{\"changed\": {\"fields\": [\"\\u0421\\u043e\\u0437\\u0434\\u0430\\u0442\\u0435\\u043b\\u044c \\u0440\\u0430\\u0441\\u0441\\u044b\\u043b\\u043a\\u0438\"]}}]"}}, {"model": "admin.logentry", "pk": 54, "fields": {"action_time": "2023-11-12T23:36:05.228Z", "user": 7, "content_type": 6, "object_id": "8", "object_repr": "test2 test2 (test2@test.ru)", "action_flag": 2, "change_message": "[{\"changed\": {\"fields\": [\"\\u0421\\u043e\\u0437\\u0434\\u0430\\u0442\\u0435\\u043b\\u044c \\u043a\\u043b\\u0438\\u0435\\u043d\\u0442\\u0430\"]}}]"}}, {"model": "admin.logentry", "pk": 55, "fields": {"action_time": "2023-11-12T23:36:08.289Z", "user": 7, "content_type": 6, "object_id": "7", "object_repr": "test1 test1 (test1@test.ru)", "action_flag": 2, "change_message": "[{\"changed\": {\"fields\": [\"\\u0421\\u043e\\u0437\\u0434\\u0430\\u0442\\u0435\\u043b\\u044c \\u043a\\u043b\\u0438\\u0435\\u043d\\u0442\\u0430\"]}}]"}}, {"model": "admin.logentry", "pk": 56, "fields": {"action_time": "2023-11-12T23:36:12.663Z", "user": 7, "content_type": 6, "object_id": "6", "object_repr": "Егор Шеванов (winter1@test.com)", "action_flag": 2, "change_message": "[{\"changed\": {\"fields\": [\"\\u0421\\u043e\\u0437\\u0434\\u0430\\u0442\\u0435\\u043b\\u044c \\u043a\\u043b\\u0438\\u0435\\u043d\\u0442\\u0430\"]}}]"}}, {"model": "admin.logentry", "pk": 57, "fields": {"action_time": "2023-11-12T23:36:15.687Z", "user": 7, "content_type": 6, "object_id": "5", "object_repr": "test test (winter@test.com)", "action_flag": 2, "change_message": "[{\"changed\": {\"fields\": [\"\\u0421\\u043e\\u0437\\u0434\\u0430\\u0442\\u0435\\u043b\\u044c \\u043a\\u043b\\u0438\\u0435\\u043d\\u0442\\u0430\"]}}]"}}, {"model": "admin.logentry", "pk": 58, "fields": {"action_time": "2023-11-12T23:36:18.898Z", "user": 7, "content_type": 6, "object_id": "4", "object_repr": "Илья Захаров (shievanov.egor@yandex.ru)", "action_flag": 2, "change_message": "[{\"changed\": {\"fields\": [\"\\u0421\\u043e\\u0437\\u0434\\u0430\\u0442\\u0435\\u043b\\u044c \\u043a\\u043b\\u0438\\u0435\\u043d\\u0442\\u0430\"]}}]"}}, {"model": "admin.logentry", "pk": 59, "fields": {"action_time": "2023-11-12T23:36:21.432Z", "user": 7, "content_type": 6, "object_id": "3", "object_repr": "test test (test@test.com)", "action_flag": 2, "change_message": "[{\"changed\": {\"fields\": [\"\\u0421\\u043e\\u0437\\u0434\\u0430\\u0442\\u0435\\u043b\\u044c \\u043a\\u043b\\u0438\\u0435\\u043d\\u0442\\u0430\"]}}]"}}, {"model": "admin.logentry", "pk": 60, "fields": {"action_time": "2023-11-12T23:36:23.904Z", "user": 7, "content_type": 6, "object_id": "2", "object_repr": "Максим Горшков (egor.shievanov@gmail.com)", "action_flag": 2, "change_message": "[{\"changed\": {\"fields\": [\"\\u0421\\u043e\\u0437\\u0434\\u0430\\u0442\\u0435\\u043b\\u044c \\u043a\\u043b\\u0438\\u0435\\u043d\\u0442\\u0430\"]}}]"}}, {"model": "admin.logentry", "pk": 61, "fields": {"action_time": "2023-11-12T23:36:26.719Z", "user": 7, "content_type": 6, "object_id": "1", "object_repr": "Егор Шеванов (shievanov@bk.ru)", "action_flag": 2, "change_message": "[{\"changed\": {\"fields\": [\"\\u0421\\u043e\\u0437\\u0434\\u0430\\u0442\\u0435\\u043b\\u044c \\u043a\\u043b\\u0438\\u0435\\u043d\\u0442\\u0430\"]}}]"}}, {"model": "auth.permission", "pk": 1, "fields": {"name": "Can add log entry", "content_type": 1, "codename": "add_logentry"}}, {"model": "auth.permission", "pk": 2, "fields": {"name": "Can change log entry", "content_type": 1, "codename": "change_logentry"}}, {"model": "auth.permission", "pk": 3, "fields": {"name": "Can delete log entry", "content_type": 1, "codename": "delete_logentry"}}, {"model": "auth.permission", "pk": 4, "fields": {"name": "Can view log entry", "content_type": 1, "codename": "view_logentry"}}, {"model": "auth.permission", "pk": 5, "fields": {"name": "Can add permission", "content_type": 2, "codename": "add_permission"}}, {"model": "auth.permission", "pk": 6, "fields": {"name": "Can change permission", "content_type": 2, "codename": "change_permission"}}, {"model": "auth.permission", "pk": 7, "fields": {"name": "Can delete permission", "content_type": 2, "codename": "delete_permission"}}, {"model": "auth.permission", "pk": 8, "fields": {"name": "Can view permission", "content_type": 2, "codename": "view_permission"}}, {"model": "auth.permission", "pk": 9, "fields": {"name": "Can add group", "content_type": 3, "codename": "add_group"}}, {"model": "auth.permission", "pk": 10, "fields": {"name": "Can change group", "content_type": 3, "codename": "change_group"}}, {"model": "auth.permission", "pk": 11, "fields": {"name": "Can delete group", "content_type": 3, "codename": "delete_group"}}, {"model": "auth.permission", "pk": 12, "fields": {"name": "Can view group", "content_type": 3, "codename": "view_group"}}, {"model": "auth.permission", "pk": 13, "fields": {"name": "Can add content type", "content_type": 4, "codename": "add_contenttype"}}, {"model": "auth.permission", "pk": 14, "fields": {"name": "Can change content type", "content_type": 4, "codename": "change_contenttype"}}, {"model": "auth.permission", "pk": 15, "fields": {"name": "Can delete content type", "content_type": 4, "codename": "delete_contenttype"}}, {"model": "auth.permission", "pk": 16, "fields": {"name": "Can view content type", "content_type": 4, "codename": "view_contenttype"}}, {"model": "auth.permission", "pk": 17, "fields": {"name": "Can add session", "content_type": 5, "codename": "add_session"}}, {"model": "auth.permission", "pk": 18, "fields": {"name": "Can change session", "content_type": 5, "codename": "change_session"}}, {"model": "auth.permission", "pk": 19, "fields": {"name": "Can delete session", "content_type": 5, "codename": "delete_session"}}, {"model": "auth.permission", "pk": 20, "fields": {"name": "Can view session", "content_type": 5, "codename": "view_session"}}, {"model": "auth.permission", "pk": 21, "fields": {"name": "Can add клиент", "content_type": 6, "codename": "add_client"}}, {"model": "auth.permission", "pk": 22, "fields": {"name": "Can change клиент", "content_type": 6, "codename": "change_client"}}, {"model": "auth.permission", "pk": 23, "fields": {"name": "Can delete клиент", "content_type": 6, "codename": "delete_client"}}, {"model": "auth.permission", "pk": 24, "fields": {"name": "Can view клиент", "content_type": 6, "codename": "view_client"}}, {"model": "auth.permission", "pk": 25, "fields": {"name": "Can add Сообщение для рассылки", "content_type": 7, "codename": "add_mailingmessage"}}, {"model": "auth.permission", "pk": 26, "fields": {"name": "Can change Сообщение для рассылки", "content_type": 7, "codename": "change_mailingmessage"}}, {"model": "auth.permission", "pk": 27, "fields": {"name": "Can delete Сообщение для рассылки", "content_type": 7, "codename": "delete_mailingmessage"}}, {"model": "auth.permission", "pk": 28, "fields": {"name": "Can view Сообщение для рассылки", "content_type": 7, "codename": "view_mailingmessage"}}, {"model": "auth.permission", "pk": 29, "fields": {"name": "Can add Настройка рассылки", "content_type": 8, "codename": "add_mailingsetting"}}, {"model": "auth.permission", "pk": 30, "fields": {"name": "Can change Настройка рассылки", "content_type": 8, "codename": "change_mailingsetting"}}, {"model": "auth.permission", "pk": 31, "fields": {"name": "Can delete Настройка рассылки", "content_type": 8, "codename": "delete_mailingsetting"}}, {"model": "auth.permission", "pk": 32, "fields": {"name": "Can view Настройка рассылки", "content_type": 8, "codename": "view_mailingsetting"}}, {"model": "auth.permission", "pk": 33, "fields": {"name": "Can add Лог рассылки", "content_type": 9, "codename": "add_mailinglog"}}, {"model": "auth.permission", "pk": 34, "fields": {"name": "Can change Лог рассылки", "content_type": 9, "codename": "change_mailinglog"}}, {"model": "auth.permission", "pk": 35, "fields": {"name": "Can delete Лог рассылки", "content_type": 9, "codename": "delete_mailinglog"}}, {"model": "auth.permission", "pk": 36, "fields": {"name": "Can view Лог рассылки", "content_type": 9, "codename": "view_mailinglog"}}, {"model": "auth.permission", "pk": 37, "fields": {"name": "Can add Список клиентов", "content_type": 10, "codename": "add_clientlist"}}, {"model": "auth.permission", "pk": 38, "fields": {"name": "Can change Список клиентов", "content_type": 10, "codename": "change_clientlist"}}, {"model": "auth.permission", "pk": 39, "fields": {"name": "Can delete Список клиентов", "content_type": 10, "codename": "delete_clientlist"}}, {"model": "auth.permission", "pk": 40, "fields": {"name": "Can view Список клиентов", "content_type": 10, "codename": "view_clientlist"}}, {"model": "auth.permission", "pk": 41, "fields": {"name": "Can add пользователь", "content_type": 11, "codename": "add_user"}}, {"model": "auth.permission", "pk": 42, "fields": {"name": "Can change пользователь", "content_type": 11, "codename": "change_user"}}, {"model": "auth.permission", "pk": 43, "fields": {"name": "Can delete пользователь", "content_type": 11, "codename": "delete_user"}}, {"model": "auth.permission", "pk": 44, "fields": {"name": "Can view пользователь", "content_type": 11, "codename": "view_user"}}, {"model": "auth.permission", "pk": 45, "fields": {"name": "Can add site", "content_type": 12, "codename": "add_site"}}, {"model": "auth.permission", "pk": 46, "fields": {"name": "Can change site", "content_type": 12, "codename": "change_site"}}, {"model": "auth.permission", "pk": 47, "fields": {"name": "Can delete site", "content_type": 12, "codename": "delete_site"}}, {"model": "auth.permission", "pk": 48, "fields": {"name": "Can view site", "content_type": 12, "codename": "view_site"}}, {"model": "auth.permission", "pk": 49, "fields": {"name": "Can add журнал", "content_type": 13, "codename": "add_journal"}}, {"model": "auth.permission", "pk": 50, "fields": {"name": "Can change журнал", "content_type": 13, "codename": "change_journal"}}, {"model": "auth.permission", "pk": 51, "fields": {"name": "Can delete журнал", "content_type": 13, "codename": "delete_journal"}}, {"model": "auth.permission", "pk": 52, "fields": {"name": "Can view журнал", "content_type": 13, "codename": "view_journal"}}, {"model": "auth.group", "pk": 1, "fields": {"name": "Manager", "permissions": [24, 32, 42, 44]}}, {"model": "contenttypes.contenttype", "pk": 1, "fields": {"app_label": "admin", "model": "logentry"}}, {"model": "contenttypes.contenttype", "pk": 2, "fields": {"app_label": "auth", "model": "permission"}}, {"model": "contenttypes.contenttype", "pk": 3, "fields": {"app_label": "auth", "model": "group"}}, {"model": "contenttypes.contenttype", "pk": 4, "fields": {"app_label": "contenttypes", "model": "contenttype"}}, {"model": "contenttypes.contenttype", "pk": 5, "fields": {"app_label": "sessions", "model": "session"}}, {"model": "contenttypes.contenttype", "pk": 6, "fields": {"app_label": "mailing", "model": "client"}}, {"model": "contenttypes.contenttype", "pk": 7, "fields": {"app_label": "mailing", "model": "mailingmessage"}}, {"model": "contenttypes.contenttype", "pk": 8, "fields": {"app_label": "mailing", "model": "mailingsetting"}}, {"model": "contenttypes.contenttype", "pk": 9, "fields": {"app_label": "mailing", "model": "mailinglog"}}, {"model": "contenttypes.contenttype", "pk": 10, "fields": {"app_label": "mailing", "model": "clientlist"}}, {"model": "contenttypes.contenttype", "pk": 11, "fields": {"app_label": "users", "model": "user"}}, {"model": "contenttypes.contenttype", "pk": 12, "fields": {"app_label": "sites", "model": "site"}}, {"model": "contenttypes.contenttype", "pk": 13, "fields": {"app_label": "journal", "model": "journal"}}, {"model": "sessions.session", "pk": "ijocgi42jkpwgfbkysozpb1ebmbt0jsv", "fields": {"session_data": ".eJxVjEEOwiAQRe_C2pAKzHRw6d4zkKEdpGogKe3KeHfbpAvdvvf-f6vA65LD2mQO06guyhl1-oWRh6eU3YwPLveqh1qWeYp6T_Rhm77VUV7Xo_07yNzytu5EhNGR74UJjffDGRHAGpOoExs33Fty1kmCFAXRYxKfGIAMEYD6fAEARDew:1r2K1M:kPhrl-bEo-tbv-HsybmEp-9FfApG0umKVv3UOWJImMs", "expire_date": "2023-11-26T23:37:40.299Z"}}, {"model": "sessions.session", "pk": "ua2w8ebcp3b9yonu0lk46dnve6apciep", "fields": {"session_data": ".eJxVjEEOgjAQRe_StWmGdnCoS_eegUyZqaCmTSisjHcXEha6_e-9_zY9r8vYr1XnfhJzMdiY0-8YeXhq3ok8ON-LHUpe5inaXbEHrfZWRF_Xw_07GLmOWx1IGsROvT-LEAkE7RwRYYQNOOXWUUpDwFaAWwgIopx8giBJAZL5fAH0IDgS:1r28Vp:DInicljjW-wpyZa9wq54_WpiFgRcMwilSrqEGGUsyMs", "expire_date": "2023-11-26T11:20:21.338Z"}}, {"model": "sessions.session", "pk": "ws19a3xk1ptmie78b1lsm9cqzon7e9sa", "fields": {"session_data": ".eJxVjEEOwiAQRe_C2pAKzHRw6d4zkKEdpGogKe3KeHfbpAvdvvf-f6vA65LD2mQO06guyhl1-oWRh6eU3YwPLveqh1qWeYp6T_Rhm77VUV7Xo_07yNzytu5EhNGR74UJjffDGRHAGpOoExs33Fty1kmCFAXRYxKfGIAMEYD6fAEARDew:1r2CHP:QUeqgy9UrMGlDm0LkmvcBXNUhz5Txq3kYzYXszXugqk", "expire_date": "2023-11-26T15:21:43.090Z"}}, {"model": "sites.site", "pk": 1, "fields": {"domain": "example.com", "name": "example.com"}}, {"model": "mailing.mailingmessage", "pk": 1, "fields": {"mailing_message_name": "Рассылка для распродажи 11.11", "mailing_message_topic": "Успей купить", "mailing_message_body": "Успей купить уже сейчас"}}, {"model": "mailing.mailingmessage", "pk": 2, "fields": {"mailing_message_name": "Рассылка зима", "mailing_message_topic": "зимний ассортимент", "mailing_message_body": "зима"}}, {"model": "mailing.mailingmessage", "pk": 3, "fields": {"mailing_message_name": "test", "mailing_message_topic": "test", "mailing_message_body": "testtest"}}, {"model": "mailing.mailingmessage", "pk": 4, "fields": {"mailing_message_name": "Январь", "mailing_message_topic": "Январь", "mailing_message_body": "ЯнварьЯнварьЯнварьЯнварь"}}, {"model": "mailing.mailinglog", "pk": 50, "fields": {"mailing_log_name": null, "mailing_log_last_try": "2023-11-02T12:21:36Z", "mailing_log_is_status_try": false, "mailing_log_response_server": "404", "mailing_log_count_send_mail": 0}}, {"model": "mailing.mailinglog", "pk": 51, "fields": {"mailing_log_name": null, "mailing_log_last_try": "2023-11-08T12:21:36Z", "mailing_log_is_status_try": false, "mailing_log_response_server": "404", "mailing_log_count_send_mail": 0}}, {"model": "mailing.mailinglog", "pk": 52, "fields": {"mailing_log_name": null, "mailing_log_last_try": "2023-11-10T12:21:36.718Z", "mailing_log_is_status_try": false, "mailing_log_response_server": "404", "mailing_log_count_send_mail": 0}}, {"model": "mailing.mailinglog", "pk": 53, "fields": {"mailing_log_name": null, "mailing_log_last_try": "2023-11-08T18:36:56Z", "mailing_log_is_status_try": true, "mailing_log_response_server": "200", "mailing_log_count_send_mail": 0}}, {"model": "mailing.mailinglog", "pk": 54, "fields": {"mailing_log_name": null, "mailing_log_last_try": "2023-11-10T18:36:57.558Z", "mailing_log_is_status_try": true, "mailing_log_response_server": "200", "mailing_log_count_send_mail": 0}}, {"model": "mailing.mailinglog", "pk": 55, "fields": {"mailing_log_name": null, "mailing_log_last_try": "2023-11-10T18:48:20.764Z", "mailing_log_is_status_try": true, "mailing_log_response_server": "200", "mailing_log_count_send_mail": 0}}, {"model": "mailing.mailinglog", "pk": 56, "fields": {"mailing_log_name": null, "mailing_log_last_try": "2023-11-11T12:48:13.414Z", "mailing_log_is_status_try": true, "mailing_log_response_server": "200", "mailing_log_count_send_mail": 1}}, {"model": "mailing.mailinglog", "pk": 57, "fields": {"mailing_log_name": null, "mailing_log_last_try": "2023-11-11T12:48:29.900Z", "mailing_log_is_status_try": true, "mailing_log_response_server": "200", "mailing_log_count_send_mail": 1}}, {"model": "mailing.mailinglog", "pk": 58, "fields": {"mailing_log_name": null, "mailing_log_last_try": "2023-11-11T12:52:59.336Z", "mailing_log_is_status_try": true, "mailing_log_response_server": "200", "mailing_log_count_send_mail": 1}}, {"model": "mailing.mailinglog", "pk": 59, "fields": {"mailing_log_name": "test0", "mailing_log_last_try": "2023-11-11T13:26:14.768Z", "mailing_log_is_status_try": true, "mailing_log_response_server": "200", "mailing_log_count_send_mail": 0}}, {"model": "mailing.mailinglog", "pk": 60, "fields": {"mailing_log_name": "Распродажа 11.110", "mailing_log_last_try": "2023-11-11T13:26:14.778Z", "mailing_log_is_status_try": true, "mailing_log_response_server": "200", "mailing_log_count_send_mail": 0}}, {"model": "mailing.mailinglog", "pk": 61, "fields": {"mailing_log_name": "test №0", "mailing_log_last_try": "2023-11-11T13:26:54.433Z", "mailing_log_is_status_try": true, "mailing_log_response_server": "200", "mailing_log_count_send_mail": 0}}, {"model": "mailing.mailinglog", "pk": 62, "fields": {"mailing_log_name": "Распродажа 11.11 №0", "mailing_log_last_try": "2023-11-11T13:26:54.442Z", "mailing_log_is_status_try": true, "mailing_log_response_server": "200", "mailing_log_count_send_mail": 0}}, {"model": "mailing.mailinglog", "pk": 63, "fields": {"mailing_log_name": "Распродажа 11.11 №0", "mailing_log_last_try": "2023-11-11T13:28:29.829Z", "mailing_log_is_status_try": true, "mailing_log_response_server": "200", "mailing_log_count_send_mail": 0}}, {"model": "mailing.mailinglog", "pk": 64, "fields": {"mailing_log_name": "Распродажа 11.11 №0", "mailing_log_last_try": "2023-11-11T13:31:29.661Z", "mailing_log_is_status_try": true, "mailing_log_response_server": "200", "mailing_log_count_send_mail": 0}}, {"model": "mailing.mailinglog", "pk": 65, "fields": {"mailing_log_name": "Распродажа 11.11 №1", "mailing_log_last_try": "2023-11-11T13:32:49.213Z", "mailing_log_is_status_try": true, "mailing_log_response_server": "200", "mailing_log_count_send_mail": 1}}, {"model": "mailing.mailinglog", "pk": 66, "fields": {"mailing_log_name": "test №1", "mailing_log_last_try": "2023-11-11T16:18:00.084Z", "mailing_log_is_status_try": true, "mailing_log_response_server": "Сервер отработал как надо", "mailing_log_count_send_mail": 1}}, {"model": "mailing.clientlist", "pk": 1, "fields": {"client_list_name": "клиенты 11.11"}}, {"model": "mailing.clientlist", "pk": 2, "fields": {"client_list_name": "Зима распродажа"}}, {"model": "mailing.clientlist", "pk": 3, "fields": {"client_list_name": "test client list"}}, {"model": "mailing.clientlist", "pk": 4, "fields": {"client_list_name": "Январь"}}, {"model": "mailing.mailingsetting", "pk": 1, "fields": {"mailing_set_name": "Распродажа 11.11", "mailing_set_date": "2023-11-12T13:32:50Z", "mailing_set_start_time": "2023-11-10T12:03:00Z", "mailing_set_end_time": "2023-11-30T12:00:00Z", "mailing_set_frequency": "day", "mailing_set_is_status": "run", "mailing_set_owner": 41, "mailing_message_name": 1, "client_list": 1, "mailing_log": 65}}, {"model": "mailing.mailingsetting", "pk": 2, "fields": {"mailing_set_name": "Зима", "mailing_set_date": "2023-11-01T06:00:00Z", "mailing_set_start_time": "2023-11-01T12:00:00Z", "mailing_set_end_time": "2023-11-30T12:00:00Z", "mailing_set_frequency": "day", "mailing_set_is_status": "run", "mailing_set_owner": 42, "mailing_message_name": 2, "client_list": 2, "mailing_log": 54}}, {"model": "mailing.mailingsetting", "pk": 3, "fields": {"mailing_set_name": "test", "mailing_set_date": "2023-11-11T16:18:00Z", "mailing_set_start_time": "2023-11-13T14:10:00Z", "mailing_set_end_time": "2024-03-15T00:36:19Z", "mailing_set_frequency": "month", "mailing_set_is_status": "create", "mailing_set_owner": 41, "mailing_message_name": 3, "client_list": 3, "mailing_log": 66}}, {"model": "mailing.mailingsetting", "pk": 4, "fields": {"mailing_set_name": "Январь", "mailing_set_date": "2023-11-15T14:08:00Z", "mailing_set_start_time": "2023-11-01T02:07:00Z", "mailing_set_end_time": "2024-01-25T02:07:00Z", "mailing_set_frequency": "day", "mailing_set_is_status": "run", "mailing_set_owner": 7, "mailing_message_name": 4, "client_list": 4, "mailing_log": null}}, {"model": "mailing.client", "pk": 1, "fields": {"email": "shievanov@bk.ru", "first_name": "Егор", "last_name": "Шеванов", "comment": "qwer", "client_list": 1, "client_owner": 41}}, {"model": "mailing.client", "pk": 2, "fields": {"email": "egor.shievanov@gmail.com", "first_name": "Максим", "last_name": "Горшков", "comment": "йцк", "client_list": 1, "client_owner": 42}}, {"model": "mailing.client", "pk": 3, "fields": {"email": "test@test.com", "first_name": "test", "last_name": "test", "comment": "йцук", "client_list": 1, "client_owner": 41}}, {"model": "mailing.client", "pk": 4, "fields": {"email": "shievanov.egor@yandex.ru", "first_name": "Илья", "last_name": "Захаров", "comment": "йцук", "client_list": 1, "client_owner": 42}}, {"model": "mailing.client", "pk": 5, "fields": {"email": "winter@test.com", "first_name": "test", "last_name": "test", "comment": "qwer", "client_list": 2, "client_owner": 41}}, {"model": "mailing.client", "pk": 6, "fields": {"email": "winter1@test.com", "first_name": "Егор", "last_name": "Шеванов", "comment": "qwer", "client_list": 2, "client_owner": 41}}, {"model": "mailing.client", "pk": 7, "fields": {"email": "test1@test.ru", "first_name": "test1", "last_name": "test1", "comment": "test1", "client_list": 3, "client_owner": 42}}, {"model": "mailing.client", "pk": 8, "fields": {"email": "test2@test.ru", "first_name": "test2", "last_name": "test2", "comment": "test2", "client_list": 3, "client_owner": 42}}, {"model": "users.user", "pk": 7, "fields": {"password": "pbkdf2_sha256$600000$JGE4gfrvcdTQ4k0KFcBKZV$b1sL3LSan2Y/MXIQwCiYgLrRBxTk94CyRJurEXfXqc0=", "last_login": "2023-11-12T23:27:14.579Z", "is_superuser": true, "is_staff": true, "date_joined": "2023-11-11T22:50:30.877Z", "email": "admin@sky.pro", "first_name": "Admin", "last_name": "SkyPro", "avatar": "", "phone": null, "is_active": true, "groups": [], "user_permissions": []}}, {"model": "users.user", "pk": 41, "fields": {"password": "pbkdf2_sha256$600000$QDbItnIkDNmKBsPTTwLkn4$mSj6F2Ajh6MJaEogaqjQK8ms53+IoxNI8Ya9D62Ssag=", "last_login": "2023-11-12T18:28:12.862Z", "is_superuser": false, "is_staff": false, "date_joined": "2023-11-12T11:20:10.673Z", "email": "shievanov@bk.ru", "first_name": null, "last_name": null, "avatar": "", "phone": null, "is_active": true, "groups": [], "user_permissions": []}}, {"model": "users.user", "pk": 42, "fields": {"password": "pbkdf2_sha256$600000$Y9J6E3w1r7CEdClU2o24Xw$Ovpp60ayQ9YJuD6XowZBtMpBxRaIRZlFhd+TYbMW7rQ=", "last_login": "2023-11-12T23:37:40.298Z", "is_superuser": false, "is_staff": true, "date_joined": "2023-11-12T15:04:59Z", "email": "egor.shievanov@gmail.com", "first_name": null, "last_name": null, "avatar": "", "phone": null, "is_active": true, "groups": [1], "user_permissions": []}}, {"model": "journal.journal", "pk": 1, "fields": {"title": "Рассылка набирает популярность", "slug": "", "content": "тысячи просмотров ура", "picture": "", "data_create": "2023-11-13T00:06:40.214Z", "published_is": false, "count_view": 3}}, {"model": "journal.journal", "pk": 2, "fields": {"title": "Расссылка 20000", "slug": "20000", "content": "Секрет рассылок раскрытСекрет рассылок раскрытСекрет рассылок раскрытСекрет рассылок раскрытСекрет рассылок раскрытСекрет рассылок раскрытСекрет рассылок раскрытСекрет рассылок раскрытСекрет рассылок раскрытСекрет рассылок раскрытСекрет рассылок раскрытСекрет рассылок раскрытСекрет рассылок раскрытv", "picture": "", "data_create": "2023-11-13T00:08:24.862Z", "published_is": false, "count_view": 2}}, {"model": "journal.journal", "pk": 3, "fields": {"title": "Эта рассылка новая мета", "slug": "", "content": "Эта рассылка новая метаЭта рассылка новая метаЭта рассылка новая метаЭта рассылка новая метаЭта рассылка новая метаЭта рассылка новая метаЭта рассылка новая метаЭта рассылка новая метаЭта рассылка новая метаЭта рассылка новая метаЭта рассылка новая метам", "picture": "", "data_create": "2023-11-13T00:21:39.142Z", "published_is": false, "count_view": 0}}, {"model": "journal.journal", "pk": 4, "fields": {"title": "Знаете  ,что это рассылка победит", "slug": "", "content": "Знаете  ,что это рассылка победитЗнаете  ,что это рассылка победитЗнаете  ,что это рассылка победитЗнаете  ,что это рассылка победитЗнаете  ,что это рассылка победитЗнаете  ,что это рассылка победитЗнаете  ,что это рассылка победитмм", "picture": "", "data_create": "2023-11-13T00:21:50.662Z", "published_is": false, "count_view": 0}}]